Workbook

Sheet Automate
A1: NUMERO_E | B1: HEURE_E | C1: MINUTE_E | D1: SECONDE_E | E1: TEMP_CEL | F1: REGUL_ECORIUM | G1: T_ECOR_FOND | H1: T_ECOR_INF | I1: T_ECOR_SUP | J1: REGUL_HYG | K1: HYG_CEL | L1: REGUL_PRESSION | M1: PRESSION | N1: REGUL_CO | O1: CO | P1: REGUL_O | Q1: O | R1: REGUL_N | S1: N | T1: REGUL_X | U1: X | V1: HAUTEUR_ECOLUX | W1: INTENSITE_ECOLUX | X1: CONFIG_ECOLUX | Y1: PLUIE | Z1: VITESSE_VENT_PRINC | AA1: VENT_LATERAL | AB1: RENO_AIR | AC1: CONFIG_MES_INCUB | AD1: ACTION_UN | AE1: ACTION_DEUX | AF1: ACTION_TROIS | AG1: ACTION_QUATRE | AH1: ACTION_CINQ | AI1: ACTION_SIX | AJ1: ACTION_SEPT | AK1: ACTION_HUIT | AL1: ACTION_NEUF | AM1: ACTION_DIX | AN1: ACTION_ONZE | AO1: ACTION_DOUZE | AP1: ACTION_TREIZE | AQ1: ACTION_QUATORZE | AR1: ACTION_QUINZE | AS1: TEMP_PLUIE | AT1: CHROMATO | AU1: EV_VIDANGE_ECORIUM | AV1: EV_VIDANGE_CANIVEAU | AW1: EV_VIDANGE_CLIM | AX1: CONSIGNE_ESSAI | AY1: P_VAP_SAT | AZ1: PT_ROSEE | BA1: HS_PROGR | BB1: T_BALLON_CHAUD | BC1: T_BALLON_FROID | BD1: BALLON_CHAUD_REEL | BE1: BALLON_FROID_REEL | BF1: Temp_progr | BG1: M_A
A2: =Programmation!A2 | B2: =Programmation!D2 | C2: =Programmation!B2 | D2: =Programmation!C2 | E2: =Programmation!F2*10 | F2: =Programmation!G2
A3: =Programmation!A3 | B3: =Programmation!D3 | C3: =Programmation!B3 | D3: =Programmation!C3 | E3: =Programmation!F3*10 | F3: =Programmation!G3
A4: =Programmation!A4 | B4: =Programmation!D4 | C4: =Programmation!B4 | D4: =Programmation!C4 | E4: =Programmation!F4*10 | F4: =Programmation!G4
A5: =Programmation!A5 | B5: =Programmation!D5 | C5: =Programmation!B5 | D5: =Programmation!C5 | E5: =Programmation!F5*10 | F5: =Programmation!G5
A6: =Programmation!A6 | B6: =Programmation!D6 | C6: =Programmation!B6 | D6: =Programmation!C6 | E6: =Programmation!F6*10 | F6: =Programmation!G6
A7: =Programmation!A7 | B7: =Programmation!D7 | C7: =Programmation!B7 | D7: =Programmation!C7 | E7: =Programmation!F7*10 | F7: =Programmation!G7
A8: =Programmation!A8 | B8: =Programmation!D8 | C8: =Programmation!B8 | D8: =Programmation!C8 | E8: =Programmation!F8*10 | F8: =Programmation!G8
A9: =Programmation!A9 | B9: =Programmation!D9 | C9: =Programmation!B9 | D9: =Programmation!C9 | E9: =Programmation!F9*10 | F9: =Programmation!G9
A10: =Programmation!A10 | B10: =Programmation!D10 | C10: =Programmation!B10 | D10: =Programmation!C10 | E10: =Programmation!F10*10 | F10: =Programmation!G10
A11: =Programmation!A11 | B11: =Programmation!D11 | C11: =Programmation!B11 | D11: =Programmation!C11 | E11: =Programmation!F11*10 | F11: =Programmation!G11
A12: =Programmation!A12 | B12: =Programmation!D12 | C12: =Programmation!B12 | D12: =Programmation!C12 | E12: =Programmation!F12*10 | F12: =Programmation!G12
A13: =Programmation!A13 | B13: =Programmation!D13 | C13: =Programmation!B13 | D13: =Programmation!C13 | E13: =Programmation!F13*10 | F13: =Programmation!G13
... A25: =Programmation!A25 | B25: =Programmation!D25 | C25: =Programmation!B25 | D25: =Programmation!C25 | E25: =Programmation!F25*10 | F25: =Programmation!G25

Sheet Programmation
A1: No_Pas | B1: mn | C1: secondes | D1: no h | E1: no jours | F1: TEMP_CEL | G1: REGUL_ECORIUM | H1: T_ECOR_FOND | I1: T_ECOR_INF | J1: T_ECOR_SUP | K1: REGUL_HYG | L1: HYG_CEL | M1: REGUL_PRESSION | N1: PRESSION | O1: REGUL_C | P1: C | Q1: REGUL_O | R1: O | S1: REGUL_N | T1: N | U1: REGUL_X | V1: X | W1: HAUT_ECOLUX | X1: INT_ECOLUX | Y1: CONFIG_ECOLUX | Z1: INT_PLUIE | AA1: VITESSE_VENT | AB1: VENT_LATERAL_UN | AC1: VENT_LATERAL_DEUX | AD1: VENT_LATERAL_TROIS | AE1: VENT_LATERAL_QUATRE | AF1: INT_VENT_LAT | AG1: RENO_AIR | AH1: EVENT Chromato | AI1: Vide_1 | AJ1: CONFIG_MES_INCUB | AK1: ACTION_1 | AL1: ACTION_2 | AM1: ACTION_3 | AN1: ACTION_4 | AO1: ACTION_5 | AP1: ACTION_6 | AQ1: ACTION_7 | AR1: ACTION_8 | AS1: ACTION_9 | AT1: ACTION_10 | AU1: ACTION_11 | AV1: ACTION_12 | AW1: ACTION_13 | AX1: ACTION_14 | AY1: ACTION_15 | AZ1: TEMP_PLUIE | BA1: CHROMATO | BB1: EV_VIDANGE_ECORIUM | BC1: VIDANGE_CANIVEAU | BD1: EV_VIDANGE_CLIM | BE1: Vide_2 | BF1: MAX T | BG1: MIN T | BH1: MAX HR | BI1: MIN HR | BJ1: tests valeurs Temp | BK1: tests valeurs Hum | BL1: MARCHE | BM1: HYG_Corrigée pour Temp < 0 | BN1: Min Temp | BO1: Max Temp | BP1: Temp Mode Mesure
A2: 1 | B2: =MOD(INT(C2/60),60) | C2: 0 | D2: =INT(C2/3600) | E2: =INT(D2/24)+1 | F2: 1.5 | G2: 0 | H2: =$F2 | I2: =$F2 | J2: =$F2 | K2: 1 | L2: 96 | M2: 0 | N2: 0 | O2: 1 | P2: 450 | Q2: 0 | R2: 0 | S2: 0 | T2: 0 | U2: 0 | V2: 0 | W2: 0 | X2: 0 | Y2: 0 | Z2: 0 | AA2: 60 | AB2: 0 | AC2: 0 | AD2: 0 | AE2: 0 | AF2: 0 | AG2: 0 | AH2: 0 | AI2: 0 | AJ2: 0 | AK2: 0 | AL2: 0 | AM2: 0 | AN2: 0 | AO2: 0 | AP2: 0 | AQ2: 0 | AR2: 0 | AS2: 0 | AT2: 0 | AU2: 0 | AV2: 0 | AW2: 0 | AX2: 0 | AY2: 0 | AZ2: 20 | BA2: 0 | BB2: 0 | BC2: 0 | BD2: 0 | BE2: 0
A3: =A2+1 | B3: =MOD(INT(C3/60),60) | C3: =C2+300 | D3: =INT(C3/3600) | E3: =INT(D3/24)+1 | F3: 2 | G3: 0 | H3: =$F3 | I3: =$F3 | J3: =$F3 | K3: 1 | L3: 94 | M3: 0 | N3: 0 | O3: 1 | P3: 450 | Q3: 0 | R3: 0 | S3: 0 | T3: 0 | U3: 0 | V3: 0 | W3: 0 | X3: 0 | Y3: 0 | Z3: 0 | AA3: 60 | AB3: 0 | AC3: 0 | AD3: 0 | AE3: 0 | AF3: 0 | AG3: 0 | AH3: 0 | AI3: 0 | AJ3: 0 | AK3: 0 | AL3: 0 | AM3: 0 | AN3: 0 | AO3: 0 | AP3: 0 | AQ3: 0 | AR3: 0 | AS3: 0 | AT3: 0 | AU3: 0 | AV3: 0 | AW3: 0 | AX3: 0 | AY3: 0 | AZ3: 20 | BA3: 0 | BB3: 0 | BC3: 0 | BD3: 0 | BE3: 0
A4: =A3+1 | B4: =MOD(INT(C4/60),60) | C4: =C3+300 | D4: =INT(C4/3600) | E4: =INT(D4/24)+1 | F4: 1.8 | G4: 0 | H4: =$F4 | I4: =$F4 | J4: =$F4 | K4: 1 | L4: 95 | M4: 0 | N4: 0 | O4: 1 | P4: 450 | Q4: 0 | R4: 0 | S4: 0 | T4: 0 | U4: 0 | V4: 0 | W4: 0 | X4: 0 | Y4: 0 | Z4: 0 | AA4: 60 | AB4: 0 | AC4: 0 | AD4: 0 | AE4: 0 | AF4: 0 | AG4: 0 | AH4: 0 | AI4: 0 | AJ4: 0 | AK4: 0 | AL4: 0 | AM4: 0 | AN4: 0 | AO4: 0 | AP4: 0 | AQ4: 0 | AR4: 0 | AS4: 0 | AT4: 0 | AU4: 0 | AV4: 0 | AW4: 0 | AX4: 0 | AY4: 0 | AZ4: 20 | BA4: 0 | BB4: 0 | BC4: 0 | BD4: 0 | BE4: 0
A5: =A4+1 | B5: =MOD(INT(C5/60),60) | C5: =C4+300 | D5: =INT(C5/3600) | E5: =INT(D5/24)+1 | F5: 1.1 | G5: 0 | H5: =$F5 | I5: =$F5 | J5: =$F5 | K5: 1 | L5: 96 | M5: 0 | N5: 0 | O5: 1 | P5: 450 | Q5: 0 | R5: 0 | S5: 0 | T5: 0 | U5: 0 | V5: 0 | W5: 0 | X5: 0 | Y5: 0 | Z5: 0 | AA5: 60 | AB5: 0 | AC5: 0 | AD5: 0 | AE5: 0 | AF5: 0 | AG5: 0 | AH5: 0 | AI5: 0 | AJ5: 0 | AK5: 0 | AL5: 0 | AM5: 0 | AN5: 0 | AO5: 0 | AP5: 0 | AQ5: 0 | AR5: 0 | AS5: 0 | AT5: 0 | AU5: 0 | AV5: 0 | AW5: 0 | AX5: 0 | AY5: 0 | AZ5: 20 | BA5: 0 | BB5: 0 | BC5: 0 | BD5: 0 | BE5: 0
A6: =A5+1 | B6: =MOD(INT(C6/60),60) | C6: =C5+300 | D6: =INT(C6/3600) | E6: =INT(D6/24)+1 | F6: 0.3 | G6: 0 | H6: =$F6 | I6: =$F6 | J6: =$F6 | K6: 1 | L6: 97 | M6: 0 | N6: 0 | O6: 1 | P6: 450 | Q6: 0 | R6: 0 | S6: 0 | T6: 0 | U6: 0 | V6: 0 | W6: 0 | X6: 0 | Y6: 0 | Z6: 0 | AA6: 60 | AB6: 0 | AC6: 0 | AD6: 0 | AE6: 0 | AF6: 0 | AG6: 0 | AH6: 0 | AI6: 0 | AJ6: 0 | AK6: 0 | AL6: 0 | AM6: 0 | AN6: 0 | AO6: 0 | AP6: 0 | AQ6: 0 | AR6: 0 | AS6: 0 | AT6: 0 | AU6: 0 | AV6: 0 | AW6: 0 | AX6: 0 | AY6: 0 | AZ6: 20 | BA6: 0 | BB6: 0 | BC6: 0 | BD6: 0 | BE6: 0
A7: =A6+1 | B7: =MOD(INT(C7/60),60) | C7: =C6+300 | D7: =INT(C7/3600) | E7: =INT(D7/24)+1 | F7: -0.1 | G7: 0 | H7: =$F7 | I7: =$F7 | J7: =$F7 | K7: 1 | L7: 97 | M7: 0 | N7: 0 | O7: 1 | P7: 450 | Q7: 0 | R7: 0 | S7: 0 | T7: 0 | U7: 0 | V7: 0 | W7: 0 | X7: 0 | Y7: 0 | Z7: 0 | AA7: 60 | AB7: 0 | AC7: 0 | AD7: 0 | AE7: 0 | AF7: 0 | AG7: 0 | AH7: 0 | AI7: 0 | AJ7: 0 | AK7: 0 | AL7: 0 | AM7: 0 | AN7: 0 | AO7: 0 | AP7: 0 | AQ7: 0 | AR7: 0 | AS7: 0 | AT7: 0 | AU7: 0 | AV7: 0 | AW7: 0 | AX7: 0 | AY7: 0 | AZ7: 20 | BA7: 0 | BB7: 0 | BC7: 0 | BD7: 0 | BE7: 0
A8: =A7+1 | B8: =MOD(INT(C8/60),60) | C8: =C7+300 | D8: =INT(C8/3600) | E8: =INT(D8/24)+1 | F8: -0.3 | G8: 0 | H8: =$F8 | I8: =$F8 | J8: =$F8 | K8: 1 | L8: 97 | M8: 0 | N8: 0 | O8: 1 | P8: 450 | Q8: 0 | R8: 0 | S8: 0 | T8: 0 | U8: 0 | V8: 0 | W8: 0 | X8: 0 | Y8: 0 | Z8: 0 | AA8: 60 | AB8: 0 | AC8: 0 | AD8: 0 | AE8: 0 | AF8: 0 | AG8: 0 | AH8: 0 | AI8: 0 | AJ8: 0 | AK8: 0 | AL8: 0 | AM8: 0 | AN8: 0 | AO8: 0 | AP8: 0 | AQ8: 0 | AR8: 0 | AS8: 0 | AT8: 0 | AU8: 0 | AV8: 0 | AW8: 0 | AX8: 0 | AY8: 0 | AZ8: 20 | BA8: 0 | BB8: 0 | BC8: 0 | BD8: 0 | BE8: 0
A9: =A8+1 | B9: =MOD(INT(C9/60),60) | C9: =C8+300 | D9: =INT(C9/3600) | E9: =INT(D9/24)+1 | F9: -0.6 | G9: 0 | H9: =$F9 | I9: =$F9 | J9: =$F9 | K9: 1 | L9: 97 | M9: 0 | N9: 0 | O9: 1 | P9: 450 | Q9: 0 | R9: 0 | S9: 0 | T9: 0 | U9: 0 | V9: 0 | W9: 0 | X9: 0 | Y9: 0 | Z9: 0 | AA9: 60 | AB9: 0 | AC9: 0 | AD9: 0 | AE9: 0 | AF9: 0 | AG9: 0 | AH9: 0 | AI9: 0 | AJ9: 0 | AK9: 0 | AL9: 0 | AM9: 0 | AN9: 0 | AO9: 0 | AP9: 0 | AQ9: 0 | AR9: 0 | AS9: 0 | AT9: 0 | AU9: 0 | AV9: 0 | AW9: 0 | AX9: 0 | AY9: 0 | AZ9: 20 | BA9: 0 | BB9: 0 | BC9: 0 | BD9: 0 | BE9: 0
A10: =A9+1 | B10: =MOD(INT(C10/60),60) | C10: =C9+300 | D10: =INT(C10/3600) | E10: =INT(D10/24)+1 | F10: -1.1 | G10: 0 | H10: =$F10 | I10: =$F10 | J10: =$F10 | K10: 1 | L10: 97 | M10: 0 | N10: 0 | O10: 1 | P10: 450 | Q10: 0 | R10: 0 | S10: 0 | T10: 0 | U10: 0 | V10: 0 | W10: 0 | X10: 0 | Y10: 0 | Z10: 0 | AA10: 60 | AB10: 0 | AC10: 0 | AD10: 0 | AE10: 0 | AF10: 0 | AG10: 0 | AH10: 0 | AI10: 0 | AJ10: 0 | AK10: 0 | AL10: 0 | AM10: 0 | AN10: 0 | AO10: 0 | AP10: 0 | AQ10: 0 | AR10: 0 | AS10: 0 | AT10: 0 | AU10: 0 | AV10: 0 | AW10: 0 | AX10: 0 | AY10: 0 | AZ10: 20 | BA10: 0 | BB10: 0 | BC10: 0 | BD10: 0 | BE10: 0
A11: =A10+1 | B11: =MOD(INT(C11/60),60) | C11: =C10+300 | D11: =INT(C11/3600) | E11: =INT(D11/24)+1 | F11: -0.5 | G11: 0 | H11: =$F11 | I11: =$F11 | J11: =$F11 | K11: 1 | L11: 96 | M11: 0 | N11: 0 | O11: 1 | P11: 450 | Q11: 0 | R11: 0 | S11: 0 | T11: 0 | U11: 0 | V11: 0 | W11: 0 | X11: 0 | Y11: 0 | Z11: 0 | AA11: 60 | AB11: 0 | AC11: 0 | AD11: 0 | AE11: 0 | AF11: 0 | AG11: 0 | AH11: 0 | AI11: 0 | AJ11: 0 | AK11: 0 | AL11: 0 | AM11: 0 | AN11: 0 | AO11: 0 | AP11: 0 | AQ11: 0 | AR11: 0 | AS11: 0 | AT11: 0 | AU11: 0 | AV11: 0 | AW11: 0 | AX11: 0 | AY11: 0 | AZ11: 20 | BA11: 0 | BB11: 0 | BC11: 0 | BD11: 0 | BE11: 0
A12: =A11+1 | B12: =MOD(INT(C12/60),60) | C12: =C11+300 | D12: =INT(C12/3600) | E12: =INT(D12/24)+1 | F12: 1.1 | G12: 0 | H12: =$F12 | I12: =$F12 | J12: =$F12 | K12: 1 | L12: 93 | M12: 0 | N12: 0 | O12: 1 | P12: 450 | Q12: 0 | R12: 0 | S12: 0 | T12: 0 | U12: 0 | V12: 0 | W12: 0 | X12: 0 | Y12: 0 | Z12: 0 | AA12: 60 | AB12: 0 | AC12: 0 | AD12: 0 | AE12: 0 | AF12: 0 | AG12: 0 | AH12: 0 | AI12: 0 | AJ12: 0 | AK12: 0 | AL12: 0 | AM12: 0 | AN12: 0 | AO12: 0 | AP12: 0 | AQ12: 0 | AR12: 0 | AS12: 0 | AT12: 0 | AU12: 0 | AV12: 0 | AW12: 0 | AX12: 0 | AY12: 0 | AZ12: 20 | BA12: 0 | BB12: 0 | BC12: 0 | BD12: 0 | BE12: 0
A13: =A12+1 | B13: =MOD(INT(C13/60),60) | C13: =C12+300 | D13: =INT(C13/3600) | E13: =INT(D13/24)+1 | F13: 2.5 | G13: 0 | H13: =$F13 | I13: =$F13 | J13: =$F13 | K13: 1 | L13: 89 | M13: 0 | N13: 0 | O13: 1 | P13: 450 | Q13: 0 | R13: 0 | S13: 0 | T13: 0 | U13: 0 | V13: 0 | W13: 0 | X13: 0 | Y13: 0 | Z13: 0 | AA13: 60 | AB13: 0 | AC13: 0 | AD13: 0 | AE13: 0 | AF13: 0 | AG13: 0 | AH13: 0 | AI13: 0 | AJ13: 0 | AK13: 0 | AL13: 0 | AM13: 0 | AN13: 0 | AO13: 0 | AP13: 0 | AQ13: 0 | AR13: 0 | AS13: 0 | AT13: 0 | AU13: 0 | AV13: 0 | AW13: 0 | AX13: 0 | AY13: 0 | AZ13: 20 | BA13: 0 | BB13: 0 | BC13: 0 | BD13: 0 | BE13: 0
A14: =A13+1 | B14: =MOD(INT(C14/60),60) | C14: =C13+300 | D14: =INT(C14/3600) | E14: =INT(D14/24)+1 | F14: 3.5 | G14: 0 | H14: =$F14 | I14: =$F14 | J14: =$F14 | K14: 1 | L14: 87 | M14: 0 | N14: 0 | O14: 1 | P14: 450 | Q14: 0 | R14: 0 | S14: 0 | T14: 0 | U14: 0 | V14: 0 | W14: 0 | X14: 0 | Y14: 0 | Z14: 0 | AA14: 60 | AB14: 0 | AC14: 0 | AD14: 0 | AE14: 0 | AF14: 0 | AG14: 0 | AH14: 0 | AI14: 0 | AJ14: 0 | AK14: 0 | AL14: 0 | AM14: 0 | AN14: 0 | AO14: 0 | AP14: 0 | AQ14: 0 | AR14: 0 | AS14: 0 | AT14: 0 | AU14: 0 | AV14: 0 | AW14: 0 | AX14: 0 | AY14: 0 | AZ14: 20 | BA14: 0 | BB14: 0 | BC14: 0 | BD14: 0 | BE14: 0
... A25: =A24+1 | B25: =MOD(INT(C25/60),60) | C25: =C24+300 | D25: =INT(C25/3600) | E25: =INT(D25/24)+1 | F25: -2.2 | G25: 0 | H25: =$F25 | I25: =$F25 | J25: =$F25 | K25: 1 | L25: 92 | M25: 0 | N25: 0 | O25: 1 | P25: 450 | Q25: 0 | R25: 0 | S25: 0 | T25: 0 | U25: 0 | V25: 0 | W25: 0 | X25: 0 | Y25: 0 | Z25: 0 | AA25: 60 | AB25: 0 | AC25: 0 | AD25: 0 | AE25: 0 | AF25: 0 | AG25: 0 | AH25: 0 | AI25: 0 | AJ25: 0 | AK25: 0 | AL25: 0 | AM25: 0 | AN25: 0 | AO25: 0 | AP25: 0 | AQ25: 0 | AR25: 0 | AS25: 0 | AT25: 0 | AU25: 0 | AV25: 0 | AW25: 0 | AX25: 0 | AY25: 0 | AZ25: 20 | BA25: 0 | BB25: 0 | BC25: 0 | BD25: 0 | BE25: 0

Sheet Infos

Sheet Config
A4: Anticipation (min) | B4: 60
A5: Fortes Chaleurs | B5: 0
A7: Configuration Régulation ECORIUM
A14: Configuration Thermofrigopompe
A20: Réglage Thermofrigopompe
